img_name,label
haneesh_image129.png,339-33
haneesh_image130.png,35953
haneesh_image131.png,3339*3383+9
haneesh_image132.png,30*80+5389
haneesh_image133.png,500535
haneesh_image134.png,0*9*35
haneesh_image135.png,59+33*3
haneesh_image136.png,89*99+90909
haneesh_image137.png,+35+33
haneesh_image138.png,53-903
haneesh_image139.png,9999*3999+89
haneesh_image140.png,553-35
haneesh_image141.png,33+*83
haneesh_image142.png,3095-30+38
haneesh_image143.png,3**5-5
haneesh_image144.png,+33*8
haneesh_image145.png,33388535
haneesh_image146.png,53*95+3
haneesh_image147.png,33*3+3
haneesh_image148.png,55-++5
haneesh_image149.png,5339+809
haneesh_image150.png,3395895
haneesh_image151.png,38+30
haneesh_image152.png,33+3+9
img_1.jpg,*-3809*5
img_10.jpg,3+3*80
img_11.jpg,553+5-8
img_115.jpg,593+5
img_117.jpg,35++388
img_12.jpg,85+3**3+30
img_13.jpg,93-53+5++
img_145.jpg,55-3533
img_19.jpg,35+3+9
img_2.jpg,5+5935-0*33+3
img_20.jpg,55-5*3
img_21.jpg,05+5+5
img_22.jpg,39+5+3
img_23.jpg,3335+330
img_24.jpg,9-33+5
img_25.jpg,3++5*3
img_26.jpg,5+55+30
img_28.jpg,09-3*35+35
img_30.jpg,0+0-0*0*0
img_31.jpg,30*33-5
img_34.jpg,3*8+3-8
img_36.jpg,5+3+0+3+5+0
img_43.jpg,39*55+38
img_47.jpg,33-935*8*8
img_5.jpg,358+595*39
img_52.jpg,333+333
img_63.jpg,53+5+5
img_7.jpg,59-89+508
img_8.jpg,3+3-5-5
img_9.jpg,353*+38
mary_image31.png,955+55
mary_image32.png,30-53*88+
mary_image33.png,330-33*9*9
mary_image34.png,+33-53**58
mary_image35.png,30-3-5+
mary_image36.png,933-*++95
mary_image37.png,33-38*88
mary_image38.png,33-0*33
mary_image39.png,303-80*809
mary_image40.png,55390*33938
mary_image41.png,38++8-3+0
mary_image42.png,98+3*
mary_image85.png,85-30
mary_image86.png,38-30+589
mary_image87.png,+8*08-3
mary_image88.png,953-30*955
mary_image89.png,+8+8*80+3
mary_image90.png,38-3-0
mary_image91.png,09-+8
mary_image92.png,35*85+-95
mary_image93.png,9555*59
mary_image94.png,393*88+55
mary_image95.png,89-338+83
mary_image96.png,933-+*8+
mary_second_image133.png,058+3*8
mary_second_image134.png,9889985
mary_second_image135.png,3*33-58
mary_second_image136.png,358-308
mary_second_image137.png,38*8*5
mary_second_image138.png,9*3-8
mary_second_image139.png,088-98+33
mary_second_image140.png,93-85*39
mary_second_image142.png,538*8+5
mary_second_image143.png,808*+989
mary_second_image144.png,833-0895
mary_second_image146.png,989+80*3
mary_second_image147.png,58889989
mary_second_image148.png,538**-5
mary_second_image150.png,530-33*83
mary_second_image151.png,983-05*9
mary_second_image154.png,95*5+85
mary_second_image155.png,330+598*8
mary_second_image73.png,03*3-590
mary_second_image74.png,03-883*8
mary_second_image75.png,5593*85
mary_second_image76.png,389*05+9
mary_second_image78.png,0-0955
mary_second_image79.png,398-589*3
mary_second_image80.png,333+05*9
mary_second_image82.png,3*0-3
mary_second_image83.png,538*89538
mary_second_image84.png,8959938
mary_second_image86.png,33-85*88
mary_second_image87.png,985-38*5
mary_second_image89.png,889*858-5
mary_second_image90.png,89*888-5
mary_second_image91.png,333+5-3
mary_second_image93.png,35*8+3953
mary_second_image94.png,+33-989*3
mary_second_image95.png,33889-588
